,Date,Title,Category
0,20170101,"朴대통령 ""뇌물죄, 완전히 엮은 것…세월호 허위 걷혀야""(종합)",BH
1,20170102,"정유라, 덴마크서 불법 체류 혐의로 체포···특검 “송환 협조중” (종합)",BH
2,20170103,"[단독]정유라, “(주사 아줌마)누구인지 알 것 같다”…현지 답변태도 분석, 사전 짜맞춘듯 증언",BH
3,20170104,"[단독]""정유라, 이대학장실 등 교내서 교수 6명에 학점취득 코치받아""",Politic
4,20170105,"윤전추 ""기억안나. 몰라. 말못해""… 헌재 ""본인범죄 외 답해라""",BH
5,20170106,강제송환 절차 시작…정유라 '조건없는 귀국 의사' 없는 듯(종합),Politic
6,20170107,"특검, 박근혜·이재용 거래단서 포착…삼성수뇌부 소환 초읽기",BH
7,20170108,"[단독] '최순실 금고' 열어보니 김영재 회사 서류…특검, 특혜의혹 수사",BH
8,20170109,"조윤선 '블랙리스트 존재' 인정…""난 전혀 본적 없다""",BH
9,20170110,"헌재 ""朴 대통령측 '세월호 7시간' 답변서 부족""…보완요구",BH
10,20170111,"""내 태블릿 아냐"" 발뺌 최순실 향한 특검의 '팩트 폭격'",BH
11,20170112,이재용 수사 '창과 방패'…'대표 칼잡이' vs '특수통' 변호사,BH
12,20170113," [단독] 박대통령 , 2015년초  “정유라 키워야” 콕 찍어 지원 지시 ",BH
13,20170114,행방 묘연한 고영태…태국 출국·신변이상설 ‘시끌’,BH
14,20170115,"헌재, 증인 또 증인…정유라 친구 아빠·차은택·황창규 등",BH
15,20170116,"최순실 ""검찰·특검 수사 강압적…죽을 지경"" 불만 토로",BH
16,20170117,"[단독] ""李 영장 보면 기절할 것"" 특검 '자신'…""과잉수사"" 삼성 '불만'",BH
17,20170118,"다 털어놓은 정호성…""대통령 지시로 崔에 문건전달""(종합2보)",BH
18,20170119,조의연 판사는 이재용 구속영장을 왜 기각했을까,BH
19,20170120,"안종범 ""다 이야기하겠다""…등돌리는 '국정농단' 주범들",BH
20,20170121,'장관 배지' 떼고 '수용자 번호' 달고…특검 출석한 조윤선,BH
21,20170122,"이너서클에 충성하려, 정 때문에 … 거짓말 하는 그들",Politic
22,20170123,"김종 ""朴 '정유라 잘 키워야 한다' 직접 말해 충격적""(종합)",BH
23,20170124,"최순실 ""태블릿 놔뒀잖아, 누가 그쪽에?""…노승일 ""걱정말라""",BH
24,20170125,"[현장영상] '체포' 최순실 큰소리로 ""억울...자백 강요당해""",BH
25,20170126,"[종합]최순실 측, 특검 가혹행위·직권남용 주장…""삼족을 멸하겠다"" 등 공개",BH
26,20170127,"안종범 ""朴대통령, K재단-유정복 연결""…崔사익 추구 의혹",BH
27,20170128,'탄핵 50일' 쉼없이 달리는 헌재... 다급한 朴대통령,BH
28,20170129,[단독] 압수수색 거부했던 청와대 '불승인 사유서' 보니…,BH
29,20170130,[단독] 압수수색 거부했던 청와대 '불승인 사유서' 보니…,BH
30,20170131, [단독] 극성스런 관제데모 뒤엔 ‘청와대-삼성-우파단체’ 삼각 커넥션 ,BH
31,20170201,"반기문 ""순수한 뜻 접겠다""…대선불출마 전격선언(종합)",Politic
32,20170202,본질 흐린 '골든타임' 발언…대통령 옹호하려다 '자충수',BH
33,20170203, [단독] “챙겨줘 고마우이” 유재경 입열게 한 문자메시지  ,BH
34,20170204,"""靑 망신주기용""…압수수색 거부하는 진짜 속내",BH
35,20170205,"[영상] ‘호흡곤란?’ 박채윤, 건강상태 질문에 ‘동문서답’",BH
36,20170206,"고영태 ""박 대통령 의상 제작비 최순실한테 받았다""",BH
37,20170207,속사포 질문 쏟아낸 최순실…눈길 한번도 안 준 고영태,BH
38,20170208,"'朴 대면조사' 계속 거부 땐…특검, '靑 떼쓰기' 전모 밝힌다",BH
39,20170209,"달라진 헌재…""지엽적·불필요한 질문 많다"" 적극 개입(종합)",BH
40,20170210,"[단독] 고영태 ""빵 터져서 날아가면 우리 거니까""",BH
41,20170211,박헌영 “신변에 위협 느껴… 몇 년 후가 두렵다”,BH
42,20170212,"[단독│취재수첩] 장시호 옥중 인터뷰 ""내가 이모 저격한 이유는""",BH
43,20170213,[커버스토리] 왜 하필 지금… 나는 1급 승진이 반갑지 않다,Admin
44,20170214,"정동구 ""유리한 檢 진술하자 안종범 '고맙다, 고생했다' 전화""(종합)",BH
45,20170215,"""독극물 공격→발작→사망""…北 김정남 피살 당시 재구성",North
46,20170216,"김정남, 5차례 암살 모면… 김정은에 “살려달라” 애원편지도",North
47,20170217,"이재용, '재벌3세'서 '수감자' 신세로…구속 후 달라지는 것들",BH
48,20170218,"정유라, 내주 '무조건' 법정 선다…검찰 ""어떤 경우든 신병확보""",BH
49,20170219,"대통령측 ""탄핵심판 최종변론 3월 2∼3일로 미뤄달라""(종합)",BH
50,20170220,"""이상하지 않습니까?"" 헌재, 미르·K재단 의문 '송곳질문'",BH
51,20170221,"""구속되면 마지막인데""…또 노려본 우병우 前민정수석",BH
52,20170222, 이정미 “사법권 독립·재판 신뢰 훼손 시도 매우 우려” ,Politic
53,20170223,"朴대통령 측 공격, 왜 강일원 재판관에 집중됐을까",Politic
54,20170224,최강 독성 VX 맨손에 묻힌 김정남 암살범 왜 멀쩡할까,North
55,20170225,"대통령측 ""9인체제 아니면 재심사유""…헌재 ""7인 이상 심리가능""",BH
56,20170226,"권성동 ""朴대통령 안나올 것…최종변론 1시간으로 끝""(종합)",BH
57,20170227,황교안 특검연장 왜 승인안했나…'朴대통령 수사부담' 의식한 듯(종합),BH
58,20170228,"'특검 90일 대장정' 마지막 출근길 ""여러분 고마웠어요""",BH
59,20170301,‘대통령 뇌물죄’ 즉시 수사할수 있게… 기소중지않고 檢에 넘겨,BH
60,20170302,"朴대통령 운명 쥔 헌법재판관 8명, 그간 어떤 결정 내렸나",Politic
61,20170303,"박영수 ""우병우 영장 재청구 땐 구속 100%…삼성혐의 입증 자신""",BH
62,20170304,"박영수 특검 “우병우 데리고 수사했는데 일은 참 잘해, 일은…”",BH
63,20170305,"파면이냐, 직무복귀냐… 朴대통령 탄핵심판 '운명의 한 주'",BH
64,20170306,[특검최종발표]국정농단 몸통은 朴대통령…특검 결론(종합),BH
65,20170307,"헌재 ""탄핵심판 선고일 8일 이후 통보""…선고기일 지정 못해",BH
66,20170308,"헌재, 탄핵심판 10일 오전 11시 선고…TV 생중계 허용(상보)",BH
67,20170309,탄핵정국 92일만에 종료…심리 당긴 결정적 요인은?,BH
68,20170310,"헌재 ""대통령 파면으로 얻는 헌법이익 압도적…법위반 중대""",BH
69,20170311,끝까지 기각 확신한듯… 靑 “朴대통령 말 잃을 정도로 충격”,BH
70,20170312,"박前대통령 ""진실은 반드시 밝혀진다""…헌재불복·法투쟁 시사(종합2보)",BH
71,20170313,"최순실 ""국민에 죄송·마음도 착잡""…'朴 파면' 심경 드러낸 듯",BH
72,20170314,"黃대행, 대선일 또 미확정 왜? 법적·행정적·실무적 이유 없어",Con/Party
73,20170315,'선수' 대신 '심판' 선택한 황교안…불출마 4가지 이유(종합),Con/Party
74,20170316,"검찰, '박근혜·우병우·대기업' 동시 타격…'빠른 템포' 수사",BH
75,20170317,"최순실 ""대통령 탄핵 국민께 사죄…장시호 선처 부탁""",BH
76,20170318,[이슈탐색] 박근혜 찍은 그 때 그 20대 보수들… 지금은?,Politic
77,20170319,"北, 新로켓엔진 사진 공개…""화염 짙어지고 보조엔진 추가""",North
78,20170320,'맞담배 피우고 업어주고'…김정은의 파격적 신체언어 통치술,North
79,20170321,"[속보] 朴, ""국민께 송구...성실히 조사 임할 것""",Politic
80,20170322,"""이런 뜻 아닌데 고쳐주세요""…朴, 조서 '꼼꼼 수정' 요구",BH
81,20170323,"박근혜 구속영장 고심하는 檢, 법·원칙 강조…청구에 '무게'",BH
82,20170324,"이선애 후보자 '다운계약' 인정…""중개업소에 맡겼다""",Con/Party
83,20170325,"[종합]안철수, 첫 경선서 60.69% '압승'…'제2 安風' 부나",Con/Party
84,20170326,‘수사 다 끝났는데 왜 구속하나’ 반론에 대응 논리 고심,BH
85,20170327,"檢 '뇌물 피의자 박근혜' 영장…""막강 대통령 권한남용""(종합2보)",BH
86,20170328,"검찰, 박근혜 구속영장에 왜 삼성 뇌물만 적시했을까",BH
87,20170329,"법원 “박 전 대통령 출석, 과도한 예우 안 해”",BH
88,20170330, [현장영상] 법원 도착한 박근혜 전 대통령,BH
89,20170331,"“모른다, 돈 한푼 안 받았다”… 朴 변명은 안 통했다",BH
90,20170401,"박근혜, 혐의 인정-부인 사이 깊은 딜레마",BH
91,20170402,"文-安, '박근혜 사면' 문제에 정면충돌…입장은 '모호'",BH
92,20170403,'공무원은 금요일 4시 퇴근'..이달부터 전격 시행,Admin
93,20170404,"문재인, 이승만·박정희 묘역도 참배…""우리의 역사이고 과제""",Con/Party
94,20170405,'軍토나' 사라지고 성능 좋아진 한국형 '험비' 보급된다,Defence/Diplo
95,20170406,"'고압 논란' 우병우가 변했다…굳은 표정→""참담 심정""",BH
96,20170407,"수척해진 이재용 ""삼성전자 부회장입니다""…재판 내내 '차분'",BH
97,20170408,"트럼프 ""시진핑에 한미동맹 중요성 강조…사드배치 입장 전달""(종합)",Defence/Diplo
98,20170409,朴 변호인단 결국 와해…유영하·채명성 외 전원 해임,BH
99,20170410,"""한국 정말 괜찮나?""…美 '4월 북폭설' SNS 급속확산",Defence/Diplo
100,20170411,"[특파원+] 한반도 위기, 선제타격이 아니라 우발적 군사 충돌 가능성",North
101,20170412,"""100% 발부된다""던 우병우 구속영장, 왜 기각됐나",BH
102,20170413,[윤석민의 팩토리] 4월 북폭설…생각보다 현명한 트럼프,North
103,20170414,트럼프 압박에 北 '항전' 선언…김정은 핵실험 선택 기로에,North
104,20170415,조기 대선에 몰려드는 후보자들…역대 최다 기록 12명 이미 도달,Con/Party
105,20170416,"박영선 ""문재인 압도적 당선에 기여""…선대위원장 합류(종합)",Con/Party
106,20170417,[리얼미터] 문재인 44.8% vs 안철수 31.3%…13.5% 포인트 격차,North
107,20170418,[이일우의 밀리터리 talk] 김정은의 ‘장난감 열병식’,North
108,20170419,"안철수 러브콜 받던 김덕룡, 문재인 지지한 이유는?",Con/Party
109,20170420,3弱 협공에 문재인-안철수 2强 토론 대결 묻혔다,Con/Party
110,20170421,"""색깔론"" vs ""文 거짓말""…송민순 회고록  문건공개 파장(종합)",Con/Party
111,20170422,"文 ""김부겸 동지 미안하다…꼭 국민통합 해내겠다""",Con/Party
112,20170423,"안철수, 文에 ""내가 갑철수냐, MB아바타냐""",Con/Party
113,20170424,후보들 토론회서 드러난 '아킬레스건'…개선책 마련 부심,Con/Party
114,20170425,"홍준표 ""단일화, 安과는 절대 안 해…劉, 안 할 수 없을 것""",Con/Party
115,20170426,"[데일리안 여론조사] 5자 대결시 안철수 하락세, 홍준표 상승세 뚜렷",Con/Party
116,20170427,문재인 44.4% VS 안철수 22.8%…더블스코어 근접,Defence/Diplo
117,20170428,"""한국이 돈 내라"" 트럼프 폭탄발언…사드 반대론 커지나",Con/Party
118,20170429,"[TV토론]文 ‘디테일’ 약하고, 洪 ‘콘텐츠’ 부족, 安 ‘구체성’ 못보여",Con/Party
119,20170430,안철수?홍준표 오차범위내 2위 접전…文은 안정적 1위,Con/Party
120,20170501,문재인 44.1% 안철수 21.8% 홍준표 16.6%-리얼미터,BH
121,20170502,"[데일리안 여론조사] 홍준표, 2위로 '급등'…문재인 소폭 하락",BH
122,20170503,"文측 '강력 항의', 安·洪측 '공세'…SBS 세월호 보도 논란 전말",BH
123,20170504,"홍준표 ""친박 징계 풀고, 바른정당 복당 시키자""",Con/Party
124,20170505,"홍준표 ""22년간 모래시계 검사였는데…송지나 작가 느닷없이""",Con/Party
125,20170506,"文아들 준용씨 친구, 국민의당 주장 반박 ""가짜 인터뷰""",BH
126,20170507,"文측 ""준용씨 지인 녹취 '가짜' 입증하는 증언 나와…檢 제출""",BH
127,20170508,"홍준표 ""집권시 국방장관 박정이, 노동장관 김문수 임명""",BH
128,20170509,대선 투표율 오후 6시 현재 72.7%…호남 높고 제주·충청 낮아,BH
129,20170510,매머드급 인재풀… 문재인의 사람들은,BH
130,20170511,"文대통령, 시진핑과 첫 통화에서 '사드보복' 중단 요청(종합2보)",BH
131,20170512,"文대통령, 13일 청와대 관저 입주…'홍은동' 출퇴근 종료",BH
132,20170513,"조국 ""국정농단, 완전히 새로운 범죄혐의 나타나면 檢이 수사""",BH
133,20170514," “김관진 실장이 보고하라”…문 대통령, 첫 안보시험대 ‘신속 대응’ ",BH
134,20170515,"文대통령, 靑으로 이사 후 관저에서 첫 출근",BH
135,20170516,집무실 도보 출근한 文 대통령…초등학교선 '눈높이 대화',BH
136,20170517,"文대통령, 이영렬-안태근 '돈봉투 만찬' 감찰 지시…파장(종합)",BH
137,20170518,"[영상] 눈물 흘린 문 대통령, 유가족 포옹하며 위로",BH
138,20170519,'강골' 윤석열 '화려한 복귀'…검찰개혁 탄력,BH
139,20170520,소통·혼밥·국밥… 역대 대통령들의 '식사 정치',BH
140,20170521,文 대통령의 파격 인사…정·관계에 '신선한 충격',BH
141,20170522,새정부 첫 '4대강 감사'…지난 3차례 감사 결과 어땠나,Admin
142,20170523,"[현장영상] 법정에서 만난 朴-崔, 서로 쳐다보지 않고 앞만 응시",Politic
143,20170524,"野 청문위원들에 문자폭탄…김광수 ""휴대폰에 불이난다"" 유감",Con/Party
144,20170525,청와대가 꼽은 '달라진 청와대' 5가지 장면,BH
145,20170526,"이낙연 청문보고서, 여야 협상결렬…""文대통령 입장 밝혀야""",BH
146,20170527,부메랑으로 돌아온 문 대통령 ‘공직 배제 5대 원칙’,BH
147,20170528,"""이산가족들이 다시 모였습니다""…文대통령 'SNS 소통정치'",BH
148,20170529,이낙연 국회 인준 '파란불'…자유한국당 수용 불가에 대치국면 우려,BH
149,20170530,"행자 김부겸, 문체 도종환, 국토 김현미, 해수부장관 김영춘(종합)",BH
150,20170531,이낙연 인준안 본회의 통과…찬성 164표 반대 20표(상보),BH
151,20170601,靑 사드 조사 '전광석화'…韓·金 넘어 조사대상 전방위 확대,Defence/Diplo
152,20170602,"김상조, 자기 표절 의혹에 ""정식 승인받고 요청받아 게재""",BH
153,20170603,"구속 피한 정유라, 최순실 집에서 두문불출…검찰 반격 대비",Politic
154,20170604,"""김상조 임명 강행 시 협치 끝""…野 3당 '미묘한 균열'",BH
155,20170605,"靑 ""사드문구 삭제지시 위승호 국방정책실장 직무배제""(상보)",BH
156,20170606,"정운찬 등 사회 각계인사 498명 ""김상조 청렴한 삶 증언한다""",Con/Party
157,20170607,"불탄 소방장구 앞에 꿇어앉은 文대통령 ""두고두고 귀감""(종합)",BH
158,20170608,숫자로 본 文대통령 취임 1개월,BH
159,20170609,[한국갤럽] ‘취임 한 달’ 文대통령 지지율 82% 고공행진,BH
160,20170610,"전직 외교장관들, ‘강경화 지지선언’…“한국외교 이끌 적임자”",BH
161,20170611,'낮은 경호' 진수 보여준 서울광장 6·10항쟁 기념식,BH
162,20170612,"文대통령, 국회에서 野지도부 직접 '설득'…정국 풀릴까",BH
163,20170613,"한번 들어가면 평생직장…공무원 60%, 10년 넘게 근무",Politic
164,20170614,"김부겸 ""공무원 17만명 증원 찬성, 긴급처방 성격"" ",Con/Party
165,20170615,文대통령 '강경화 임명' 정면돌파 선언…야당에 작심 비판,BH
166,20170616,"안경환 ""'몰래혼인신고' 평생 후회…기회주면 검찰개혁 이룰것""(종합)",Con/Party
167,20170617,"문정인 ""사드 때문에 깨진다면 그게 무슨 동맹이냐""",BH
168,20170618,"文대통령, 강경화 임명 '정면돌파'…외교 현안 대응위해",BH
169,20170619,"文대통령 ""신규 원전건설 백지화…원전정책 재검토 탈핵시대로""",BH
170,20170620,"정유라 구속심사 2시간30분만에 종료···""사실대로 증언"" 울먹",Politic
171,20170621,영공 헤집는 北 무인기에 軍 '비상'…'비호' 전방 배치 ,Defence/Diplo
172,20170622,'조국 책임론'에 靑 선긋기,Politic
173,20170623,'국정농단' 최순실 첫 유죄 징역 3년…이대비리 9명 모두 유죄(종합),Politic
174,20170624,"미국엔 사드 법적 절차 강조하고, 중국엔 북핵 압박 요구 메시지",Defence/Diplo
175,20170625,6월 들어 군사분계선 넘는 북한군 증가…이유는,Defence/Diplo
176,20170626,박근혜 재판 1시간만에 끝···삼성 측 전원 증언 거부,Politic
177,20170627,文대통령 후속인사…법무장관 박상기·권익위원장 박은정(종합),BH
178,20170628,"출국길 손수 가방 든 文대통령, 환송 인사도 간소하게",BH
179,20170629,[단독]이유미가 제보자로 지목한 문준용씨 동료 “채용 의혹 모른다”,BH
180,20170630,"'내조외교' 데뷔 김정숙 여사, 멜라니아와 '품격 상견례'",BH
181,20170701,"[단독] 이유미, 안철수에 '구명 문자'…국민의당, 安 첫 조사",Con/Party
182,20170702,"김정숙 여사, 패션외교 성과는…문화적 소통으로 동맹 뒷받침",BH
183,20170703,“200억대 빌딩 못 판다”…최순실 모녀 ‘반발’,Politic
184,20170704,"국민의당 조성은 전 비대위원 ""이유미, 첫통화서 횡설수설""",Con/Party
185,20170705,"文대통령, 이례적 미사일 발사로 北에 '레드라인' 경고",BH
186,20170706,"ICBM, 사드로는 사실상 요격 힘들어… 탄두속도, 음속의 24배",Defence/Diplo
187,20170707,6일 만에 재회한 文대통령-트럼프…화제는 역시 '북한',BH
188,20170708,한반도 온 ‘죽음의 백조’…폭탄 투하 첫 공개,Defence/Diplo
189,20170709,"文대통령, 다자외교 성공 데뷔 일등공신은 '좌경화 우동연'",BH
190,20170710,"[박진호의시사전망대] ""'나도 속았다'는 이준서를 검찰은 왜 구속하려 할까?""",BH
191,20170711,이준서 영장심사 90분만에 종료…침울한 표정 '묵묵부답',BH
192,20170712,"안철수 ""당사자와 국민께 사과…모든것 내려놓고 원점서 반성""(종합)",Con/Party
193,20170713,"국민의당 ""임종석 秋발언 유감표명 수용""…추경 참여키로",Con/Party
194,20170714,"朴정부 민정비서관실 자료 언제, 어떻게 발견됐나",BH
195,20170715,朴 정부 '판도라의 상자' 공개...수사·재판 영향 불가피,Politic
196,20170716,"[단독] '남남북녀' 출연 탈북 여성 '임지현', 北 매체에 등장…월북인가 납북인가",North
197,20170717,"[현장영상] 우병우 ""靑 문건 무슨 상황인지 모른다""",Politic
198,20170718,"정성호 ""朴전대통령, 1년전 수리온 결함·비리 보고받고도 묵인""",Defence/Diplo
199,20170719,"[문재인정부 5년]軍 복무기간 18개월로 단축, 국군 병력 50만까지 감축",Defence/Diplo
200,20170720,"군복무 18개월 ""북한군 128만인데"" vs ""양보다 질""",Defence/Diplo
201,20170721,"김정숙 여사, 청주 수해복구 지원…대통령 부인 첫 사례",BH
202,20170722,"[박수찬의 軍] '명품에서 부실무기로', 수리온의 추락은 예고된 것이었다",Defence/Diplo
203,20170723,"[이슈플러스] 한국당, ‘눈엣 가시’ 장제원·김현아 출당 못시키는 이유는?",Con/Party
204,20170724,[집중기획 항모의 진격]①세계 최초 항공모함 만든 나라는 미국?…정답은 일본,Defence/Diplo
205,20170725,박근혜 재판 등 1ㆍ2심도 TV생중계 허용…내달 1일부터,Politic
206,20170726,"한국당, 담뱃값 인하 추진에 정치권 ""장난하냐""",Con/Party
207,20170727,"'블랙리스트' 김기춘, 징역 3년···조윤선, 집행유예 '석방'",Politic
208,20170728,法 “공무원 ‘팔 길이 원칙’ 안 따르면 형사처벌까지”,Politic
209,20170729,조윤선 판결 이후 공격받는 재판부…SNS에 거짓 정보도,Politic
210,20170730,'죽음의 백조' 출격...전략자산 다음 카드는?,Defence/Diplo
211,20170731,해병 300여명 원거리 투입 차기상륙함 '천자봉함' 인도,Defence/Diplo
212,20170801,2000년 이후 살짝 밝아진 북한의 밤… 경제 좋아졌나,North
213,20170802,"""총 대신 대대장 개 밥그릇 닦다 2년 다 보냈다""",Defence/Diplo
214,20170803,"'박찬주 대장 부부 갑질' 제보 눈덩이…""공관병 자살시도""",Defence/Diplo
215,20170804,[안철수發 정계개편]‘安출마-DJ계 탈당’ 정계개편 가시화…與野 복잡한 머릿속,Con/Party
216,20170805,"잡초뽑기 봉사 갔더니, 軍간부의 밭이더라",Defence/Diplo
217,20170806,"이재용 선고, '사상 첫 TV 생중계' 기록 세울까",Politic
218,20170807,"[현장영상] ""아들같이 생각했다""...박찬주 대장 부인 군 검찰 출석",Defence/Diplo
219,20170808,"[軍 인사]4성 장군 7명 교체…공군 합참의장, 非 육사 출신 사령관",Defence/Diplo
220,20170809,"트럼프 ""불과 분노""에 北 ""전면전·괌 타격""…격화된 '위협戰'(종합)",Defence/Diplo
221,20170810,"北, 괌 향해 미사일 쏘는 순간… 한반도 ‘일촉즉발’ 위기로",North
222,20170811,북한이 괌에 미사일 쏘려는 진짜 이유 3가지는?,North
223,20170812,"北 ""미제 보복의지로 347만 입대·재입대 탄원""",North
224,20170813,[특파원+] 미국의 대북 선제 타격 4가지 시나리오는,North
225,20170814,"美합참의장""전쟁없이 이 상황서 빠져나오길 기대""…외교해법방점",Defence/Diplo
226,20170815,[취재파일] 흑표전차의 '심장' 국산화 또 무산?…노골적인 독일제 띄우기,Defence/Diplo
227,20170816,[단독] ‘삼성 장충기’가 받은 취업 청탁 문자,Politic
228,20170817,"""김정은 옆 괌 위성사진 6년 된 것…실제 공격 준비 의문""",North
229,20170818,"철원 'K-9' 폭발사고 ""화포 내부서 불길""…1명 사망·6명 부상(종합)",Defence/Diplo
230,20170819,"[단독] 탈북여성 임지현 다시 등장, ""음란 영상에 출연했다"" 고백",North
231,20170820,"""통제관이 대기 대기! 외친 순간 포탄 나가고 후폭풍 일어""",Defence/Diplo
232,20170821, [단독] 국정원 댓글 팀장 대부분 ‘MB 지지단체’ 소속이었다 ,Politic
233,20170822,경보 울리고 5분內… 핵폭탄 터진 근처라도 지하 15m로 가면 생존,Defence/Diplo
234,20170823,"2년만에 출소 한명숙, 당분간 휴식…'친노 원로' 역할 전망도",Politic
235,20170824,[단독] 올 10월2일 임시공휴일 지정…추석연휴 최장 열흘 될듯,Politic
236,20170825,[이재용 선고]이재용 1심서 징역 5년…최지성·장충기 법정구속,Politic
237,20170826,"北, 동해로 단거리미사일 3발 발사…""1발은 발사직후 폭발""(종합2보)",North
238,20170827,"""대한민국 서열 1위는 최순실이 맞다""…재판 속 말말말",Politic
239,20170828,北 발사체 2발 성공… 韓 “방사포” 美 “단거리 미사일” 시각차,North
240,20170829,"文대통령 ""강력한 대북응징 능력 과시""…F15K 폭탄투하 훈련",BH
241,20170830,"北, 태평양에 미사일 추가발사 '예고'…ICBM급 쏠 가능성도",North
242,20170831,"[단독] ""이혜훈, 명품 등 수천만 원 수수""...""돈 안 받았고 명품은 돌려줬다""",BH
243,20170901,"北 보란듯… 하늘의 제왕, 김정은 벙커 뚫는 스마트폭탄 ‘쾅’",Defence/Diplo
244,20170902,'미사일 탄두중량 확대' 가시화…北'지하벙커' 때릴 힘 키운다,Defence/Diplo
245,20170903,"北, '레드라인' 넘었다…1년 만에 다시 '6차 핵실험'(상보)",North
246,20170904,"""힘 센 놈이 올 것""…한미 대북 군사조치 강도 높인다",Defence/Diplo
247,20170905,심상찮은 美 '北전멸' 경고…'영변 북폭' 위기보다 더 심각,Defence/Diplo
248,20170906,"김동철 ""文정부 외교안보 실패…여야대표와 긴급 안보대화 해야""",Con/Party
249,20170907,"사드 1개 포대 진용 완비…軍 ""北미사일 요격률 높여""",Defence/Diplo
250,20170908,"검찰, '구속영장 잇단 기각' 강력 반발···""사법불신 우려"" ",Admin
251,20170909,나토式으로 하자고? 심상찮은 정치권 핵무장 동조,Con/Party
252,20170910,교역 끊고 대사 추방…성난 국제사회 대북압박 잇따라,Defence/Diplo
253,20170911,김이수 인준안 부결…찬성 145표 반대 145표로 동수,Politic
254,20170912,"민주당-국민의당, '김이수 부결' 책임 놓고 '네 탓 공방'",Con/Party
255,20170913,타우러스 첫 실사격 성공…'北 핵심시설 타격' 입증,Defence/Diplo
256,20170914,"정부, 국제기구 통해 800만弗 대북인도지원 검토…21일 결정",North
257,20170915,"北 또 日상공으로 미사일 발사, 3700km 비행…1000km 더 멀리 날아",North
258,20170916,"北 ""끝장 보겠다"" 추가발사 예고…'화성-12'는 실전배치 ",North
259,20170917,[르포]극도의 긴장 속 은밀타격 '비수' 담금질…軍 잠수함 첫 공개,Defence/Diplo
260,20170918,"'국정원 블랙리스트' 문성근 ""경악스럽다…MB 직접 조사해야""(종합)",Politic
261,20170919, [단독] 권해효·김민선이 SBS에서 사라진 이유 ,Politic
262,20170920,"'北완전파괴' 발언에 美언론 ""전례없는 위협"" vs ""도 지나쳤다""",Defence/Diplo
263,20170921,"트럼프 보란듯…北김정은, 과수원 둘러보며 ""어깨춤 절로난다""",North
264,20170922,수위 높이는 북미에 격동하는 한반도…완전파괴 vs 초강경대응,North
265,20170923,"[단독]靑 ""日언론 왜곡 심각""…백악관 ""日언론보도, 3국공조 균열야기""",BH
266,20170924,"北매체, B-1B·핵항모 칼빈슨 타격 합성사진 공개",North
267,20170925,"美, 北에 ‘군사옵션’ 경고장… 아슬아슬 한반도",Defence/Diplo
268,20170926,"美B-1B는 스텔스 기능 약해 탐지되는데… 北, 대응 출격 없었다",Defence/Diplo
269,20170927,"""北, 공화당쪽 美연구원들에 총 7차례 은밀히 접촉""",North
270,20170928,전략무기 대거 공개한 국군의날 행사…北에 강력 경고,Defence/Diplo
271,20170929,"北매체, B-1B 공해상 비행 첫반응…""위험천만 망동"" 비난",North
272,20170930,[박수찬의 軍] 한반도 위기는 미국 군수산업 호황을 부른다,Defence/Diplo
273,20171001,"北 ""서울을 위험에 빠뜨리지 않는 군사적 선택안은 없다""",North
274,20171002,가속 붙은 국정원 수사…MB 사법처리까지 갈까,Politic
275,20171003,"北 개성공단 19곳 몰래 가동…정부 ""불법행위""",North
276,20171004,"北 개성공단 19곳 몰래 가동…정부 ""불법행위""",North
277,20171005,"""불과 1년만에""···朴·최순실, 권력 정점에서 밑바닥 추락",BH
278,20171006,"北, '개성공단 의류공장 가동설'에 ""공장 더 힘차게 돌아갈 것""",North
279,20171007,"北신문 ""촛불항쟁 1년…南집권세력 배신적 망동""",North
280,20171008," 박근혜 전 대통령, 구치소장과 열흘에 한번꼴 면담 ",BH
281,20171009,"철원 총기사고 원인, '도비탄' 아닌 직선으로 날아온 '유탄'(종합)",Defence/Diplo
282,20171010,"韓·美·日·濠 연합 함대, ‘對北타격 대기’ 최대의 군사압박",Defence/Diplo
283,20171011,"美 B-1B, 또 야간 기습출격…北전투기 이번에도 대응 출격안해",Defence/Diplo
284,20171012,[단독] 문재인·홍준표·이효리 SNS 동향 청와대 보고,BH
285,20171013,"우병우, 법정서 '태도 불량' 혼쭐…재판부 ""엄중 경고""",BH
286,20171014,EMP 충격기 대자 스마트폰 먹통 … 25만원 주고 산 생존배낭 등장도,Con/Party
287,20171015,[박수찬의 軍] 한반도 전쟁보다 ‘전쟁 위기’가 더 위험하다,Defence/Diplo
288,20171016,"박근혜 ""법치 빌린 정치보복""…변호인단 전원 사퇴(종합2보)",BH
289,20171017,"3개월만에 법원 출석한 조윤선 ""항소심 성실히 임할 것""",BH
290,20171018,"'인권침해 논란' 박근혜, 6∼7인용방 개조해 혼자 사용중",BH
291,20171019,"육군 ""전쟁발발시 먼저 미사일 3종 동원해 北장사정포 초토화""(종합)",Defence/Diplo
292,20171020,"공군총장, B-1B 편대 NLL 북상 불참에 ""NLL 지키기 위한 것""",Defence/Diplo
293,20171021,[현장연결] '죽음의 백조' B-1B 서울공항 저공비행,Defence/Diplo
294,20171022,"서청원 ""홍준표 검찰수사 때 협조요청""… 홍준표 ""사리사욕에 눈먼 사람들""",Con/Party
295,20171023,한국당 '친박청산' 난관 봉착…보수대통합 '시계제로',Con/Party
296,20171024,"조윤선 측 ""국감 당일 선서하지 않았다…위증은 무죄""",Admin
297,20171025,"정호성 ""朴처럼 비극적인 사람 또 있나…최순실과 엮여 통탄""(종합)",BH
298,20171026,"홍종학, 중학생 딸 건물 보유 논란에 ""정상적 증여""",Con/Party
299,20171027,'댓글 수사방해' 현직 검찰 간부들 정조준…檢 '읍참마속'할까,Politic
300,20171028,"한미, 美전략자산 순환배치 확대…탄두중량 해제 가장빨리 이행(종합)",Defence/Diplo
301,20171029,[박수찬의 軍]북한 미사일 추적에 '신의 방패' 이지스함이 나섰다,Defence/Diplo
302,20171030,신형 차기고속정 해군에 인도…'北공기부양정 킬러',Defence/Diplo
303,20171031,"국정농단 칼날 피한 안봉근·이재만, '국정원 뇌물'에 발목",BH
304,20171101,"[종합]차은택, 징역 5년 구형에 울음…""이미 사회적 사형""",BH
305,20171102,"[단독] 검찰, ""박근혜 지시로 특활비 받았다"" 이재만 진술 확보",BH
306,20171103,'문고리'도 용처 모르는 40억 뇌물…박근혜·최순실에 갔나,BH
307,20171104,"[단독]MB 청와대, 남북정상회담 문건 뒤졌다",BH
308,20171105,"文대통령, 트럼프·아베 면전서 ""美와는 동맹…일본은 아니다""",Defence/Diplo
309,20171106,"""박근혜, '비선실세 인정하자' 건의에 '꼭 해야하냐'고 했다""",BH
310,20171107,[트럼프 방한]트럼프 밥상엔 '거제가자미·고창한우·독도새우',BH
311,20171108,"트럼프 ""韓 고전·근대적 모습 경외감""…각별한 감사인사",Defence/Diplo
312,20171109,핵추진 잠수함 자체 건조 쪽으로 … E-8 정찰기 구매 1순위,Defence/Diplo
313,20171110,'기류' 바뀐 홍종학 청문회…의혹 추궁서 정책 검증으로,Con/Party
314,20171111,"'군 댓글공작' 김관진 구속…검찰 수사, MB 조준할 듯",BH
315,20171112,"MB ""적폐청산, 감정풀이 의심…국론분열 안된다""(종합)",BH
316,20171113,"MB, 참모들 불러 주말 5시간 회의… “결기 있게 정면대응”",BH
317,20171114,"귀순 북한 병사 위중…""장기 오염 심각해 열흘이 고비""",North
318,20171115,"귀순 북한 병사 2차 수술…""손상된 조직 절제""",North
319,20171116,"전병헌 ""누 끼치게 돼 참담""…靑정무수석직 사의표명",BH
320,20171117,"미 해병대 F-35B 스텔스기 부대, 일본 배치작업 완료",Defence/Diplo
321,20171118,특수활동비 칼바람 부른 ‘이헌수 리스트’,BH
322,20171119,책임 대신 의원 배지 달 궁리만 … ‘4년제 비정규직’ 득시글,Con/Party
323,20171120,"軍 ""대대장 등 간부 3명이 JSA 귀순자 끌어내"" 재확인",Defence/Diplo
324,20171121,"文대통령 ""직장내 성폭력, 공공기관장·부서장 책임 물을 것""",Politic
325,20171122,"""귀순 병사 몸에 대한민국 국민 피 1만2000cc 흘러""",North
326,20171123,"""北, 귀순사건 후 JSA 경비병력 모두 교체…지휘관 줄줄이 문책""",North
327,20171124,"최순실 ""사형시켜 달라"" 법정서 대성통곡…재판 종료돼",BH
328,20171125,"북한 귀순 병사 일반병실로 옮겨…""젊어 회복 빨라""",North
329,20171126,박근혜 국정원 '윤석열 수사팀' 와해 기도…청와대에 'SOS',BH
330,20171127,朴에 마지막 기회 준 재판부…변호인 접견도 거부한 朴,BH
331,20171128,"檢 ""태블릿 주인 최순실, 셀카·가족사진 촬영…국과수 확인""",BH
332,20171129,"""역대최장 北미사일, 워싱턴도 사거리…2단추진체 개량한듯""(종합)",Defence/Diplo
333,20171130,"이영선, 155일 만의 귀갓길서 눈물…""죄송합니다"" ",BH
334,20171201,"문 대통령 ""이국종 교수 기적같은 일…JSA장병들 상황관리 침착""(종합)",BH
335,20171202,"육군, 1000명 규모 인간병기 ‘참수부대’ 만들었다",Defence/Diplo
336,20171203,"문 대통령 ""희생자 가족 챙겨라"" 지시…'구조는 현장중심' 주문",BH
337,20171204,"문 대통령 ""낚싯배 사고, 결국 국가책임…예산안처리 결단 당부""",BH
338,20171205,최명길 의원직 박탈…'선거법 위반' 벌금 200만원 확정,Politic
339,20171206,"'특검도우미' 장시호, 뜻밖 법정구속에 ""아이 혼자 두고…"" 호소",BH
340,20171207,"北외무성 ""전쟁 바라지 않지만 결코 피하지 않을 것""",Defence/Diplo
341,20171208,[단독]“DJ 비자금 의혹…제보자는 박주원”,Con/Party
342,20171209,[박수찬의 軍] 은밀하고 조용하게…동아시아 하늘 지배하는 스텔스 킬러,Defence/Diplo
343,20171210,김대중마라톤서 달걀 맞은 박지원… 5㎞ 마라톤 뛴 안철수,Con/Party
344,20171211,"장시호, 실형 후 첫 법정서 연신 눈물…'최순실 혐의' 증언",BH
345,20171212,"조원진, 문재인 대통령에 '문재인씨' 호칭 논란",Con/Party
346,20171213,"'최순실 녹취록' 법정공개, 朴 국정 전반 개입정황 고스란히 담겨",BH
347,20171214,"최순실 징역 25년 구형에 ""아아아악!""…변호인 ""옥사하란 얘기""",BH
348,20171215,"中 외교부 ""사건 경위 상관 없이 부상 韓 기자에 위로""",Defence/Diplo
349,20171216,10끼 중 2끼만 중국 지도부와 식사 … 문 대통령 ‘혼밥’ 논란,BH
350,20171217,"""한국은 美·日의 신뢰 잃고, 중국은 한국민의 마음 잃었다""",Defence/Diplo
351,20171218,"우병우, 구속 후 첫 검찰 출석…호송차 타고 포승줄(종합)",BH
352,20171219,文대통령 전용열차 '트레인1' 첫 공개…어떻게 생겼나,BH
353,20171220," 안철수, 통합 끝장토론 불참…""끌고오라""vs""무슨말을 그렇게""",Con/Party
354,20171221,"합참 ""北병사 1명 귀순 후 北수색조 MDL 접근...軍, 20발 경고사격 실시""(종합2보)",North
355,20171222,"‘성완종 리스트’ 이완구·홍준표, 모두 무죄 확정...대법 “증거 없다”",Politic
356,20171223,"文대통령, 화재참사에 현장行…또 보여준 재해·재난 리더십",BH
357,20171224,"靑 ""김정은 '대담한 작전' 발언, 도발과 관련되진 않은 듯""",North
358,20171225,"추미애 ""소방인력 확충"" vs 홍준표 ""세월호처럼 현장대응 잘못""",Con/Party
359,20171226,"주진우, 검찰 출석…손에 '다스 취재파일' 한보따리",Politic
360,20171227,"류여해, 제명 확정…""洪 여성비하"" vs ""사실 아냐""(종합)",Con/Party
361,20171228,"조윤선 구속영장 기각…검찰 ""형평 어긋나"" 강력 반발(종합2보)",BH
362,20171229,"문재인 정부 첫 사면,  '생계형 범죄자' 구제 방점…경제인 없어(종합)",Politic
363,20171230,북한 주민들 불편케 하는 김정은 ‘사진 정치’,North
364,20171231,2017년 달라진 청와대를 보여주는 장면 7가지,BH
